{
  "drive": {
    "p": 0.00023,
    "i": 0.0000002,
    "d": 1.0,
    "f": 0.0,
    "iz": 0.0
  },
  "angle": {
    "p": 0.0020645,
    "i": 0.0,
    "d": 0.0,
    "f": 0.001,
    "iz": 0.0
  }
}